"Calle, avenida, andador, carretera, manzana u otro",Número exterior o km,"Colonia, fraccionamiento, unidad habitacional o barrio",Código postal
ANTIGUO CAMINO LA HUERTA,1,CAMPESTRE DEL VERGEL,58194
PADRE DE LA PATRIA,SN,FRACCIONAMIENTO NICOLAITAS ILUSTRES,58149
ARAGON,SN,LA CALERA,58195
GUSTAVO A. MADERO,308,COLONIA OBRERA,58130
MICHOACAN,SN,FRACCIONAMIENTO TRES PUENTES,58150
RAMON LOPEZ VELARDE,11,SANTA MARIA DE GUIDO,58090
ACUEDUCTO,1896,COLONIA CHAPULTEPEC NORTE,58260
HOLANDA,376,VILLA UNIVERSIDAD,58060
IGNACIO ALDAMA,274,COLONIA VIVEROS,58087
GARDENIA,90,LAS FLORES,58160
RIO AMATLAN,422,COLONIA VENTURA PUENTE,58020
ACUEDUCTO,563,COLONIA VASCO DE QUIROGA,58230
PERIFERICO NUEVA ESPAÑA,3233,FRACCIONAMIENTO LAS AMERICAS,58270
GARCIA DE LEON,536,NUEVA CHAPULTEPEC SUR,58280
MANANTIAL LOS AZUFRES,156,COLONIA LOS MANANTIALES,58188
TEHPACUA,189,COLONIA BOSQUE CAMELINAS,58290
MARIANO TERCERO,199,FRACCIONAMIENTO TORREMOLINOS,58197
TLATELOLCO,237,GUADALUPE,58140
UNIVERSIDAD,2021,FRACCIONAMIENTO LOS PINOS,58057
PROFESORA MARIA CONCEPCION SOLIS,178,LOMAS DE HIDALGO,58240
GANADERÍA DEL ROCIO,65,FRACCIONAMIENTO JARDINES DEL TOREO,58049
MANUEL VILLALONGIN,222,FRACC. MANUEL VILLALONGIN,58336
BATALLA DE LAS CRUCES,11,MARIANO JIMENEZ,58050
ANTONIO BELAN,40,COLONIA ARBOLEDAS VALLADOLID,58337
PASEO DEL OYAMEL,162,PRADOS VERDES,58110
GRITO DE INDEPENDENCIA,42,LIBERTAD,58178
MELON,330,FRACCIONAMIENTO LA HUERTA,58080
FRANCISCO I. MADERO ORIENTE,5714,CIUDAD INDUSTRIAL AMPLIACION SUR,58200
FRANCISCO I. MADERO ORIENTE,1939,PRIMO TAPIA,58210
OBISPO DEL ACUEDUCTO,408,FRAY ANTONIO DE SAN MIGUEL,58277
VALLE DE ZAMORA,31,FRACCIONAMIENTO VALLE QUIETO,58069
VALLE DE GUAYANGAREO,44,COLONIA VALLE QUIETO,58066
TRATADO DE ACAPULCO,53,TRINCHERA DE MORELOS,58096
PROFESOR JOSE ROMERO FLORES,431,COLONIA FELICITAS DEL RIO,58040
FRANCISCO I. MADERO ORIENTE,4780,EJIDAL ISAAC ARRIAGA,58217
FRANCISCO I. MADERO PONIENTE,3900,LA QUEMADA,58146
CEDRO,152,FRACC. LOS ANGELES,58100
SALTA PARED,60 A,AMPLIACION TORREON NUEVO,58116
LAGO DE CAMECUARO,899,COLONIA VENTURA PUENTE,58026
PIRERI,22,FRACC-XAMGARI,58089
TABACHIN,133,NUEVA JACARANDAS,58099
MORELOS NORTE,3846,COLONIA LA SOLEDAD,58118
PERIFERICO REPUBLICA,3001,LAGO 1,58115
FUENTE DEL GALLO,26,COLONIA FUENTES DE MORELIA,58088
FRAY FRANCISCO JAVIER ALEGRE,386,COLONIA LAZARO CARDENAS,58229
PERIFERICO NUEVA ESPAÑA,839,COLONIA FELIX IRETA,58401
LORENZO BOTURINI,126,COLONIA IZAC ARRIAGA 2,58226
HERNANDO GUTIERREZ BOCANEGRA,197,COLONIA FRAY ANTONIO DE LISBOA,58254
EL ZAPATISTA,448,COLONIA JESUS ROMERO FLORES,58128
FRAY JUAN BAUTISTA LAGUNAS,219,COLONIA EJIDAL OCOLUSEN,58295
FRAY. SEBASTIAN DE APARICIO,207,BUENA VISTA,58228
PERIFERICO REPUBLICA,4340,FRACCIONAMIENTO NICOLAITAS ILUSTRES,58147
TIMOTEO GUERRERO,68,COLONIA CONGRESO CONSTITUYENTE DE MICHOACAN,58219
DEL SOL,46,ADOLFO LOPEZ MATEOS,58180
PERIODISMO / JOSE TOCAVEN LAVIN,1483 A,SIN NOMBRE,91234
GENERAL JOSÉ MARÍA ROJO,188,FRACCIONAMIENTO JARDINES DEL QUINCEI,58114
CAPITÁN CARLOS ROVIROSA,935,COLONIA JARDINES DE GUADALUPE,58148
TENIENTE CORONEL FELIPE PARAMO,SN,COLONIA ELIAS PEREZ AVALOZ,58218
23 DE OCTUBRE DE 1904,26 A,FRACCIONAMIENTO EL MIRADOR DEL QUINCEO,58330
HOMERO,625,PASEO DE LAS LOMAS,58257
MIGUEL DE RIVERA,431,18 DE MAYO,58258
FRANCISCO I. MADERO PONIENTE,SN,COLONIA GRANJAS UNIDAS,58348
PRESIDENTE ADOLFO LOPEZ MATEOS,SN,COLONIA ADOLFO LOPEZ MATEOS,50180
BOCAMELIA,56,COLONIA EDUARDO RUIZ,58142
GUILLERMO PRIETO,1290 A,COLONIA GRANGAS DEL MAESTRO,58510
LA JOYA / JOSE TRINIDAD GUIDO,843,COLONIA COLINAS DEL SUR,58095
FUENTES DE MORELIA,180,AV.FUENTES DE MORELIA,50800
GARCÍA OBESO,984,VENTURA PUENTE,58220
LA PAZ,220,MORELOS,58030
LOMA BOLIVIANA,60,LUIS CORDOBA REYES LOMA COLORADA,58880
JOAQUÍN M. DEL CASTILLO,121 A,MIRADOR DEL PUNHUATO,58249
CADETE SALAZAR,109,COLONIA CARLOS SALAZAR,58158
HOSPITAL DE CHARO,42,HOSPITALES DE DON VASCO,58255
MARIANO SANCHEZ ARRIOLA,61,JAUJILLA,58179
BENEMERITO DE YUCATAN,189A,FELIPE CARRILLO PUERTO,58127
RIO CUPATITZIO,1475,COLONIA UNIDOS SANTA CRUZ,58248
JOSÉ MARÍA IZAZAGA,572,EJIDAL 3 PUENTES,58175
CIPRES,13,ZIMPANIO NORTE,58341
FRAY MARCOS RAMIREZ DE PRADO,248,COLONIA EJIDAL OCOLUSEN,48295
VALENTIN GOMEZ FARIAS,114,COLONIA SOLIDARIDAD,57115
REY TIZOC,176,COLONIA PASCUAL ARTIZ DE AYALA,58250
PAÑOLANDA,22,EL PORVENIR,58168
TAYACATA,73,XANGARI,57089
LUIS GUTIERREZ CORREA,12,JAVIER MINA,50140
JUAN DE LA BARRERA,852B,COLONIA NIÃ`OS HEROES,58011
ANTONIO DE SAAVEDRA 16VO. ALCALDE MAYOR,936,BUENA VISTA,58028
JUAN ÁLVAREZ,165 B,COLONIA GRANJAS DEL MAESTRO,58580
JUAREZ,400 A,JUAREZ,50810
CAMPECHE,32,MOLINO DE PARRAS,5801
MANUEL VILLASEÑOR,36,INFONAVIT LOMAS DE HIDALGO,58244
URANO,259,LOMAS DE PUNGUATO,58256
NUEZ,63,COLONIA VISTA HERMOSA,58187
CERRO DE VILLACHUATO,548,COLONIA LOMAS DEL TECNOLOGICO,58117
MARIANO MICHELENA,103,ZONA CENTRO,5825
LICENCIADO JESUS RAMIREZ MENDOZA,415,PRIMO TAPIA ORIENTE,20289
GENERAL GORDIANO GUZMÁN,148,INFONAVIT LA QUEMADA,50170
TIERRA,SN,COLONIA SATELITE,58300
ERENDIRA,273,VISTA BELLA,28090
REY TEZOZOMOC,111,COLONIA PASCUAL ORTIZ AYALA,52250
MANANTIALES DE MORELIA,281,CAMPESTRE LOS MANANTIALES,58186
LA JOYA / JOSE TRINIDAD GUIDO,946,COLINAS DEL SUR,55809
ANTONIO ANCONA ALBERTO,97,COLONIA FELIPE CARRILLO PUERTO,58121
CURTIDORES DE TEREMENDO,897,BUENA VISTA,58241
DEL VIVERO,387,SIN NOMBRE,58196
RIO CUPATITZIO,1833,COLONIA JARDINES DE SANTIAGUITO,58111
CAPITÁN CARLOS PANINI,13 A,WENCESLAO VICTORIA SOTO,58410
SOLIDARIDAD,1057,FELISITAS DEL RIO,38040
FRAY. SEBASTIAN DE APARICIO,444,NUEVA UNION,28210
NUEVA TEPEYAC,344,SAN RAFAEL,58832
RIO CUPATITZIO,399,FRACCIONAMIENTO IGNACIO RAMIREZ,58113
MORELOS NORTE,3877 5,AMPLIACION LA SOLEDAD,6600
JUANA BARRAGAN,530,SIN NOMBRE,12349
CUAUTLA,50,ZONA CENTRO,5800
AGRICULTURA,545,AGRICOLA DEL SUR,58135
OLIVARES DE TZINTZUNTZAN,1046,ENRIQUE RAMIREZ,58223
ANTIGUO CAMINO A LA HUERTA,613,LA CALERA,58165
FUENTES DE MORELIA,337 A,FUENTES DE MORELIA,58800
NUEVO LEON,392,ISAAC ARRIAGA,51210
TULIPAN,18,NUEVA JACARANDAS,58075
MORELOS NORTE,6155,COLONIA LA SOLEDAD,50188
JOSE MARIA LINO PATIÑO,100,VICENTE GUERRERO,58189
ORIENTE 6,SN,COLONIA CD INDUSTRIAL,56200
EJE NORTE SUR,50,CIUDAD INDUSTRIAL MORELIA,64000
PERIFERICO INDEPENDENCIA,2520,COLONIA LOMAS,58068
19 DE OCTUBRE,SN,COLONIA AMPLIACION GERTRUDIS SANCHEZ,58123
MIRADOR MORELIA,65 A,MIRADOR DEL PONIENTE,58143
FLAMINGO,62,TORREON NUEVO,85116
GABINO LEON,62,COLONIA PRIMO TAPIA PONIENTE,58157
TORREON NUEVO,240,COLONIA AMPLIACION GERTRUDIS SANCHEZ,55115
CERRO DE VILLACHUATO,590,COLONIA LOMAS DEL TECNOLOGIC0,64480
TEPEYAC,150,IRRIGACION,1210
TENIENTE CORONEL FELIPE PARAMO,SN,ELIAS PEREZ AVALOS,98218
HEROES DE NOCUPETARO,1851,COLONIA CENTRO,50000
PERIFERICO REPUBLICA,1377,COLONIA EL REALITO,58384
ACUEDUCTO,3364,COL. OCOLUSEN,58279
PERIFERICO PASEO DE LA REPUBLICA,2400,EL REALITO,58297
LA HUERTA,4005,CAMELINA,58091
HEROE DE LA REFORMA,25,FRACCIONAMIENTO LEANDRO VALLE,58174
CALLE PASEO DE LA REPUBLICA,2424,COLONIA AMPLIACION EL REALITO,56115
LUIS MORA TOVAR,KM17 216,COL. ELIAS PEREZ AVALOS,58343
OCTAVA,143,COLONIA GUADALUPE,58144
VIRREY ANTONIO DE BUCARELI,1151,COLONIA VASCO DE QUIROGA MORELIA MI,53230
ORIENTE-PONIENTE,431,PRIMERA ETAPA DE LACIUDAD INDU,58233
HOMERO,586,PASEO DE LAS LOMAS,43541
ALFILERILLO,49,AMPLIACION,58154
ANASTASIO NAJERA,SN,MARIANO ABASOLO,53337
FINLANDIA,438,AMPLIACION VALLE QUIETO,58062
VALLE DE GUAYANGUAREO,47,FRACCIONAMIIENTO MORELIA 450,58058
GABRIEL MARIN Y ACOSTA,17,FUENTES DE VALLADOLID,58185
MAESTRA MARIA DOLORES CALDERON,196,FRACCIONAMIENTO BOSQUES DE ORIENTE,58216
HERNAN CORTES,93,EJIDAL ISACC ARRIAGA,52230
PERIFERICO REPUBLICA,7673,COLONIA SINDURO,14020
RINCON DEL ORO,318,FRACCIONAMIENTO LAS ARBOLEDAS,50130
ENCUENTRO DE MARAVATIO,36,TLALPUJAHUA,50090
GENERAL MANUEL DE LA PEÑA Y PEÑA,475A,CHAPULTEPEC SUR,28260
CECILIO GARCIA,187,ZIMPANIO NORTE,58314
JOAQUÍN GARCÍA GRANADOS,164,FRACCIONAMIENTO VILLAS DEL REAL,38116
GENERAL JOSÉ GREGORIO PATIÑO,1915,FRACC. SAN ISIDRO ITZUCUARO,53887
CUMANCHEN,175,AMPLIACION LOMAS DE VISTA BELLA,58098
DEL TRANSPORTE,208,AMPLIACION DOCTOR FELIX ARREGUIN,52140
PLACIDO VEGA,237,COLONIA VICENTE RIVA PALACIO,51116
MELCHOR OCAMPO MANZO,SN,COLONIA VICENTE RIVA PALACIO,58039
MIRTO,1340,COLONIA UNIDOS SANTA CRUZ,58184
JOSE JUAN TABLADA,318,SANTA MARIA DE GUIDO,38090
LICENCIADO ENRIQUE RAMIREZ MIGUEL,1000,LAS AMERICAS,58770
CALZADA LA HUERTA,3000,EX HDA LA HUERTA,53929
PERIFERICO NUEVA ESPAÑA,5030,COLONIA JARDINES DEL RINCON,56290
MORELOS,1,CENTRO,38980
DALIA,491,EL PORVENIR,58025
BATALLON DE MATAMOROS,472,CENTRO,47400
PERIFERICO NUEVA ESPAÑA,200,COL. PASEO DE LAS LOMAS,58235
BATALLA DE CHURUBUSCO,29,COLONIA CHAPULTEPEC NORTE,58264
PAÑOLANDA,124,COLONIA EDUARDO RUIZ,15814
LA HUERTA,KM 3.150,COLONIA HERMANOS LOPEZ RAYON,58085
REFORMA,51,COLONIA MORELOS,58038
QUINTA,340,COLONIA GUADALUPE,58740
PASEO DEL TABACHIN,868,COLONIA PRADOS VERDES,68114
FRESA,206,FRACCIONAMIENTO VISTA HERMOSA 2DA ETAPA,58056
OCAMPO,18,COLONIA JARDINES DE MORELIA,58067
TANZANIA,69,COLONIA RECTOR DIAZ RUBIO,58003
RIO MAYO,755,VENTURA PUENTE,58079
AVENIDA AMERICAS,489,COLONIA PROGRESO,38983
PERIFERICO NUEVA ESPAÑA,421,COLONIA REY CHIMALPOPOCA,50240
ORIENTE 4,1600,CIUDAD INDUSTRIAL,58262
BAMBU,150,JARDINES DEL RINCON,52270
VICENTE BARROSO DE LA ESCAYOLA,155,LA ESTRELLA,60156
JUAN SEBASTIAN BACH,187,LA LOMA DE LA CAMELINA,58296
LOMA HODUREÑA,98,LOMA COLORADA,58888
SIN NOMBRE,SN,MORELIA,58891
PERIFERICO PASEO DE LA REPUBLICA,3843,COLONIA AMPLIACION FELIX ARREGUI,58141
FRAY ANTONIO DE SAN MIGUEL IGLESIAS,1503A,FRACCIONAMIENTO PERIODISTAS,38280
GALAXIAS,378,AMPLIACION JARDINES DEL TOREO,48050
FRANCISCO I. MADERO ORIENTE,1920,FRACCIONAMIENTO LAZARO CARDEN,58344
OBISPO MISIONERO,32,COLONIA SIN NOMBRE,55200
JUAN BAUTISTA MARQUEZ,SN,IGNACIO LOPEZ RAYON,58537
PERIBAN,553,COLONIA LOMAS DE GUAYANGAREO,58259
VIRREY DE MENDOZA,158,BARRIO DE SAN FRANCISCO,58331
EPITACIO  HUERTA,SN,SIN NOMBRE,58313
SITIO DE CUAUTLA,SN,COLONIA SIN MOMBRE,53331
